,COUNTRY,COURSE TYPE,COURSE (SPECIALIZATION),FEES
0,GERMANY,MBA,MBA in Sales & Marketing ,3678127.2
1,GERMANY,MBA,MBA in Banking,1253594.4
2,GERMANY,MBA,MBA in Business Administration,454540.7
3,GERMANY,MBA,MBA in Hospital/Healthcare Management,3246719.2
4,GERMANY,MBA,MBA in Human Resource Management,1217519.8
5,GERMANY,MBA,MBA in Internal Business,1442986.4
6,GERMANY,MBA,MBA in Supply Chain & Logistics Management,1112181.8
7,GERMANY,MBA,MBA in General Management,1420439.6
8,GERMANY,MBA,MBA in Global Business Management,1339271.6
9,GERMANY,MBA,MBA in Entrepreneurship & Leadership Management,1147174.1
10,GERMANY,MBA,MBA in Tourism,1217519.8
11,GERMANY,MBA,MBA in Business Engineer,1316725.0
12,GERMANY,MBA,MBA in Finance,1442986.4
13,GERMANY,MBA,MBA in Accounting,1354964.1
14,GERMANY,MBA,MBA in Project Management,1112181.8
15,GERMANY,MBA,MBA in E-Sports Management,1354964.1
16,GERMANY,MASTERS OF MANAGEMENT,MASTERS OF MANAGEMENT in Hotel Management,1226769.1
17,GERMANY,MASTERS OF MANAGEMENT,MASTERS OF MANAGEMENT in Marketing,1082894.4
18,GERMANY,MASTERS OF MANAGEMENT,MASTERS OF MANAGEMENT in Event Management,938117.56
19,GERMANY,MASTERS OF MANAGEMENT,MASTERS OF MANAGEMENT in Luxury & Brand,1028321.2
20,GERMANY,MASTERS OF MANAGEMENT,MASTERS OF MANAGEMENT in Logistics & Supply Chain,1195197.9
21,GERMANY,MASTERS OF MANAGEMENT,MASTERS OF MANAGEMENT in International Business,1082894.4
22,GERMANY,MASTERS OF MANAGEMENT,MASTERS OF MANAGEMENT in Supply Chain Management,1533461.5
23,GERMANY,MASTERS OF MANAGEMENT,MASTERS OF MANAGEMENT in Hospital/Healthcare Management,1195197.9
24,GERMANY,MASTERS OF MANAGEMENT,MASTERS OF MANAGEMENT in Real Estate,3047078.0
25,GERMANY,MASTERS OF MANAGEMENT,MASTERS OF MANAGEMENT in Human Resource Management,1195197.9
26,GERMANY,MASTERS OF MANAGEMENT,MASTERS OF MANAGEMENT in Risk Management,755906.3
27,GERMANY,MASTERS OF MANAGEMENT,"MASTERS OF MANAGEMENT in Sports,Leisure & Tourism",986647.1
28,GERMANY,MASTERS OF MANAGEMENT,MASTERS OF MANAGEMENT in Eco-Design & Sustainable,1163626.6
29,GERMANY,MASTERS OF MANAGEMENT,MASTERS OF MANAGEMENT in Tourism,1195197.9
30,GERMANY,MASTERS OF MANAGEMENT,MASTERS OF MANAGEMENT in Data Analysis,1353054.2
31,GERMANY,MASTERS OF MANAGEMENT,MASTERS OF MANAGEMENT in Digital Marketing,1353054.2
32,GERMANY,MASTERS OF MANAGEMENT,MASTERS OF MANAGEMENT in Fashion Management,2256894.5
33,GERMANY,MASTERS OF MANAGEMENT,MASTERS OF MANAGEMENT in Media Management,1172647.0
34,GERMANY,MASTERS OF MANAGEMENT,MASTERS OF MANAGEMENT in Psychology Management,516866.72
35,GERMANY,MASTERS OF MANAGEMENT,MASTERS OF MANAGEMENT in Public Relations Management,1353054.2
36,GERMANY,MASTERS OF MANAGEMENT,MASTERS OF MANAGEMENT in Sports Management,1217748.8
37,GERMANY,MASTERS OF MANAGEMENT,MASTERS OF MANAGEMENT in Stratergic Management,1136565.5
38,GERMANY,M.ENG,M.ENG in Mechanical,2329959.2
39,GERMANY,M.ENG,M.ENG in Electrical,1298932.0
40,GERMANY,M.ENG,M.ENG in Architecture,584519.44
41,GERMANY,M.ENG,M.ENG in Civil,1298932.0
42,GERMANY,M.ENG,M.ENG in IT & Networking,270610.84
43,GERMANY,M.ENG,M.ENG in Chemical,270610.84
44,GERMANY,M.ENG,M.ENG in Computer Science Engineering,1044106.8
45,GERMANY,M.ENG,M.ENG in Aerospace,3157125.5
46,GERMANY,M.ENG,M.ENG in Biomedical,90835.04
47,GERMANY,M.ENG,M.ENG in Energy & Environment,1298932.0
48,GERMANY,M.ENG,M.ENG in Industrial,1344033.9
49,GERMANY,M.ENG,M.ENG in International Business,1163626.6
50,GERMANY,M.ENG,M.ENG in Production,811832.5
51,GERMANY,M.Sc,M.Sc in Physics,1623665.0
52,GERMANY,M.Sc,M.Sc in Chemistry,1398156.0
53,GERMANY,M.Sc,M.Sc in Biology,1262850.6
54,GERMANY,M.Sc,M.Sc in Psychology ,1226769.1
55,GERMANY,M.Sc,M.Sc in Nursing,1623665.0
56,GERMANY,M.Sc,M.Sc in Environment,1488359.6
57,GERMANY,M.Sc,M.Sc in Agriculture,1127545.1
58,GERMANY,M.Sc,M.Sc in Business & Finance,1894275.9
59,GERMANY,M.Sc,M.Sc in I.T,1804072.2
60,GERMANY,M.Sc,M.Sc in Data Science,2119785.0
61,USA,MBA,MBA in Sales & Marketing,2638614.5
62,USA,MBA,MBA in Business Administration,1417822.6
63,USA,MBA,MBA in Hospital/Healthcare Management,2058338.9
64,USA,MBA,MBA in International Business,2660913.5
65,USA,MBA,MBA in Supply Chain & Logistics Management,4676152.0
66,USA,MBA,MBA in Entrepreneurship & Leadership Management,2479691.8
67,USA,MBA,MBA in Finance,2660913.5
68,USA,MBA,MBA in Accounting,2058338.9
69,USA,MBA,MBA in Project Management,2321434.8
70,USA,MBA,MBA in Executive MBA,7779719.0
71,USA,MASTERS OF MANAGEMENT,MASTER OF MANAGEMENT in Hotel Management,4219520.0
72,USA,MASTERS OF MANAGEMENT,MASTER OF MANAGEMENT in Marketing,5325155.0
73,USA,MASTERS OF MANAGEMENT,MASTER OF MANAGEMENT in Logistics & Supply Chain,869498.0
74,USA,MASTERS OF MANAGEMENT,MASTER OF MANAGEMENT in International Business,3032509.5
75,USA,MASTERS OF MANAGEMENT,MASTER OF MANAGEMENT in Supply Chain Management,4153621.0
76,USA,MASTERS OF MANAGEMENT,MASTER OF MANAGEMENT in Hospital/Healthcare Management,4219520.0
77,USA,MASTERS OF MANAGEMENT,MASTER OF MANAGEMENT in Real Estate,5325155.0
78,USA,MASTERS OF MANAGEMENT,MASTER OF MANAGEMENT in Risk Management,5325155.0
79,USA,MASTERS OF MANAGEMENT,"MASTER OF MANAGEMENT in Sports,Leisure & Tourism",3983382.5
80,USA,MASTERS OF MANAGEMENT,MASTER OF MANAGEMENT in Wine & Gastronomy,207181.81
81,USA,MASTERS OF MANAGEMENT,MASTER OF MANAGEMENT in Public Relations Management,2396319.8
82,USA,MASTERS OF MANAGEMENT,MASTER OF MANAGEMENT in Sports Management,2034375.8
83,USA,MASTERS OF MANAGEMENT,MASTER OF MANAGEMENT in Spriti Marketing,2571051.5
84,USA,MASTERS OF MANAGEMENT,MASTER OF MANAGEMENT in Finance,3292942.8
85,USA,MASTERS OF MANAGEMENT,MASTER OF MANAGEMENT in Eco-Design & Sustainable,1514341.0
86,USA,M.ENG,M.ENG in Mechanical,4447336.5
87,USA,M.ENG,M.ENG in Marine,877568.94
88,USA,M.ENG,M.ENG in Electrical,3022857.8
89,USA,M.ENG,M.ENG in Architecture,4125331.2
90,USA,M.ENG,M.ENG in Civil,4397996.0
91,USA,M.ENG,M.ENG in IT & Networking,4203544.5
92,USA,M.ENG,M.ENG in Chemical,4125331.2
93,USA,M.ENG,M.ENG in Computer Science Engineering,4447336.5
94,USA,M.ENG,M.ENG in Aerospace,3814641.8
95,USA,M.ENG,M.ENG in Biomedical,4422541.5
96,USA,M.ENG,M.ENG in Energy & Environment,4005515.2
97,USA,M.ENG,M.ENG in Industrial,3371156.0
98,USA,M.ENG,M.ENG in Production,1637485.2
99,USA,M.ENG,M.ENG in Nuclear,839876.8
100,USA,M.ENG,M.ENG in Nanotechnology,1457178.8
101,USA,M.ENG,M.ENG in Software,4214361.0
102,USA,M.ENG,M.ENG in Bio Engineering,3287950.5
103,USA,M.Sc,M.Sc in Physics,4447336.5
104,USA,M.Sc,M.Sc in Chemistry,4613748.0
105,USA,M.Sc,M.Sc in Biology,4863364.5
106,USA,M.Sc,M.Sc in Psychology ,2492172.8
107,USA,M.Sc,M.Sc in NeuroScience,3729272.8
108,USA,M.Sc,M.Sc in Environment,3729272.8
109,USA,M.Sc,M.Sc in Agriculture,2537353.2
110,USA,M.Sc,M.Sc in Forensic Science,1535142.4
111,USA,M.Sc,M.Sc in Botany,1808722.2
112,USA,M.Sc,M.Sc in Energy & Environment,2396319.8
113,USA,M.Sc,M.Sc in Zoology,2098277.5
114,USA,M.Sc,M.Sc in Mathematics,4397996.0
115,USA,M.Sc,M.Sc in Geology,3814641.8
116,CANADA,MBA,MBA in Executive MBA,2261903.8
117,CANADA,MBA,MBA in Banking,1735926.8
118,CANADA,MBA,MBA in Business Administration,3868254.5
119,CANADA,MBA,MBA in Hospital/Healthcare Management,2357658.8
120,CANADA,MBA,MBA in Human Resource Management,1675711.6
121,CANADA,MBA,MBA in International Business,1735926.8
122,CANADA,MBA,MBA in Entrepreneurship & Leadership Management,1735926.8
123,CANADA,MBA,MBA in Project Management,1557552.5
124,CANADA,MBA,MBA in Marketing,1387219.2
125,CANADA,MASTERS OF MANAGEMENT,MASTERS OF MANAGEMENT in Hotel Management,1012792.75
126,CANADA,MASTERS OF MANAGEMENT,MASTERS OF MANAGEMENT in Marketing,994501.1
127,CANADA,MASTERS OF MANAGEMENT,MASTERS OF MANAGEMENT in Event Management,985478.06
128,CANADA,MASTERS OF MANAGEMENT,MASTERS OF MANAGEMENT in Logistics & Supply Chain,869712.75
129,CANADA,MASTERS OF MANAGEMENT,MASTERS OF MANAGEMENT in International Business,2949682.2
130,CANADA,MASTERS OF MANAGEMENT,MASTERS OF MANAGEMENT in Supply Chain Management,1507403.9
131,CANADA,MASTERS OF MANAGEMENT,MASTERS OF MANAGEMENT in Hospital/Healthcare Management,3729532.8
132,CANADA,MASTERS OF MANAGEMENT,MASTERS OF MANAGEMENT in Real Estate,859339.3
133,CANADA,MASTERS OF MANAGEMENT,MASTERS OF MANAGEMENT in Human Resource Management,890030.0
134,CANADA,MASTERS OF MANAGEMENT,MASTERS OF MANAGEMENT in Risk Management,1103453.1
135,CANADA,MASTERS OF MANAGEMENT,"MASTERS OF MANAGEMENT in Sports,Leisure & Tourism",767267.25
136,CANADA,MASTERS OF MANAGEMENT,MASTERS OF MANAGEMENT in Eco-Design & Sustainable,2739082.8
137,CANADA,MASTERS OF MANAGEMENT,MASTERS OF MANAGEMENT in Tourism,1619240.8
138,CANADA,MASTERS OF MANAGEMENT,MASTERS OF MANAGEMENT in Data Analysis,3255975.2
139,CANADA,MASTERS OF MANAGEMENT,MASTERS OF MANAGEMENT in Digital Marketing,2930224.2
140,CANADA,MASTERS OF MANAGEMENT,MASTERS OF MANAGEMENT in Leadership,1659138.8
141,CANADA,MASTERS OF MANAGEMENT,MASTERS OF MANAGEMENT in Public Relations Management,1074296.9
142,CANADA,MASTERS OF MANAGEMENT,MASTERS OF MANAGEMENT in Sports Management,3831425.8
143,CANADA,MASTERS OF MANAGEMENT,MASTERS OF MANAGEMENT in Stratergic Management,1103453.1
144,CANADA,MASTERS OF MANAGEMENT,MASTERS OF MANAGEMENT in Business Analytics,2785180.0
145,CANADA,MASTERS OF MANAGEMENT,MASTERS OF MANAGEMENT in Purchasing & resourcing,767267.25
146,CANADA,MASTERS OF MANAGEMENT,MASTERS OF MANAGEMENT in Project Management,3831425.8
147,CANADA,M.ENG,M.ENG in Mechanical,3366155.0
148,CANADA,M.ENG,M.ENG in Electrical,978603.3
149,CANADA,M.ENG,M.ENG in Architecture,1069671.2
150,CANADA,M.ENG,M.ENG in Civil,1102471.0
151,CANADA,M.ENG,M.ENG in IT & Networking,1726719.6
152,CANADA,M.ENG,M.ENG in Chemical,3366155.0
153,CANADA,M.ENG,M.ENG in Computer Science Engineering,2802428.2
154,CANADA,M.ENG,M.ENG in Aerospace,3366155.0
155,CANADA,M.ENG,M.ENG in Agriculture,1069671.2
156,CANADA,M.ENG,M.ENG in Biomedical,528186.75
157,CANADA,M.ENG,M.ENG in Biology,681149.2
158,CANADA,M.ENG,M.ENG in Environmental,2963124.8
159,CANADA,M.ENG,M.ENG in Mining,1194972.8
160,CANADA,M.ENG,M.ENG in Industrial,1321234.2
161,CANADA,M.ENG,M.ENG in Nanotechnology,1961135.1
162,CANADA,M.ENG,M.ENG in Nuclear,1310369.8
163,CANADA,M.ENG,M.ENG in Software,3527096.8
164,CANADA,M.ENG,M.ENG in Textile,1068036.0
165,CANADA,M.Sc,M.Sc in Physics,3101854.0
166,CANADA,M.Sc,M.Sc in Chemistry,658853.9
167,CANADA,M.Sc,M.Sc in Biology,2635909.2
168,CANADA,M.Sc,M.Sc in Psychology ,720276.1
169,CANADA,M.Sc,M.Sc in Nursing,802501.7
170,CANADA,M.Sc,M.Sc in Environment,442980.9
171,CANADA,M.Sc,M.Sc in Agriculture,1821061.5
172,CANADA,M.Sc,M.Sc in Energy & Environment,1063314.8
173,CANADA,M.Sc,M.Sc in Zoology,1363635.5
174,CANADA,M.Sc,M.Sc in Mathematics,2808755.8
175,FRANCE,MBA,MBA in Sales & Marketing,2164886.8
176,FRANCE,MBA,MBA in Banking,893015.75
177,FRANCE,MBA,MBA in Business Administration,2836903.8
178,FRANCE,MBA,MBA in Hospital/Healthcare Management,856934.3
179,FRANCE,MBA,MBA in Human Resource Management,630523.25
180,FRANCE,MBA,MBA in Internal Business,2164886.8
181,FRANCE,MBA,MBA in Supply Chain & Logistics Management,1204218.2
182,FRANCE,MBA,MBA in Global Business Management,9200769.0
183,FRANCE,MBA,MBA in Entrepreneurship & Leadership Management,1082443.4
184,FRANCE,MBA,MBA in Tourism,802812.2
185,FRANCE,MBA,MBA in Business Engineer,1170842.9
186,FRANCE,MBA,MBA in Finance,981415.3
187,FRANCE,MBA,MBA in Accounting,893015.75
188,FRANCE,MBA,MBA in Project Management,1082443.4
189,FRANCE,MBA,MBA in Gastronomy,1649824.1
190,FRANCE,MBA,MBA in Information Technology,1469416.9
191,FRANCE,MBA,MBA in Leadership Management,3517941.0
192,FRANCE,MBA,MBA in Luxury Management,1249320.0
193,FRANCE,MBA,MBA in Wine Marketing & Management,978709.2
194,FRANCE,MASTERS OF MANAGEMENT,MASTERS OF MANAGEMENT in Hotel Management,631792.0
195,FRANCE,MASTERS OF MANAGEMENT,MASTERS OF MANAGEMENT in Management,1791581.6
196,FRANCE,MASTERS OF MANAGEMENT,MASTERS OF MANAGEMENT in Marketing,2518142.5
197,FRANCE,MASTERS OF MANAGEMENT,MASTERS OF MANAGEMENT in Event Management,1362865.6
198,FRANCE,MASTERS OF MANAGEMENT,MASTERS OF MANAGEMENT in Luxury & Brand,1252028.6
199,FRANCE,MASTERS OF MANAGEMENT,MASTERS OF MANAGEMENT in Digital Marketing & E-Business,1916462.5
200,FRANCE,MASTERS OF MANAGEMENT,MASTERS OF MANAGEMENT in Logistics & Supply Chain,1057670.4
201,FRANCE,MASTERS OF MANAGEMENT,MASTERS OF MANAGEMENT in International Corporate Finance,1057670.4
202,FRANCE,MASTERS OF MANAGEMENT,MASTERS OF MANAGEMENT in International Business,894951.8
203,FRANCE,MASTERS OF MANAGEMENT,MASTERS OF MANAGEMENT in Real Estate,1012470.75
204,FRANCE,MASTERS OF MANAGEMENT,MASTERS OF MANAGEMENT in Human Resource ,1645265.0
205,FRANCE,MASTERS OF MANAGEMENT,MASTERS OF MANAGEMENT in Risk Management,1627185.1
206,FRANCE,MASTERS OF MANAGEMENT,MASTERS OF MANAGEMENT in International Sports & Event Management,1572945.6
207,FRANCE,M.ENG,M.ENG in ME/M.TECH,786472.8
208,FRANCE,M.ENG,M.ENG in Electrical,813592.56
209,FRANCE,M.ENG,M.ENG in Architecture,1627185.1
210,FRANCE,M.ENG,M.ENG in Civil,451995.88
211,FRANCE,M.ENG,M.ENG in IT Engineering,922794.75
212,FRANCE,M.ENG,M.ENG in Computer Engineering,1242988.6
213,FRANCE,M.ENG,M.ENG in Aerospace,271197.53
214,FRANCE,M.ENG,M.ENG in Agriculture,645319.5
215,FRANCE,M.ENG,M.ENG in Biology,1397252.0
216,FRANCE,M.ENG,M.ENG in Biomedical,933440.3
217,FRANCE,M.ENG,M.ENG in Business Administration,1536041.0
218,FRANCE,M.ENG,M.ENG in Energy Engineering,342655.3
219,FRANCE,M.ENG,M.ENG in Food Technology,781654.0
220,FRANCE,M.ENG,"M.ENG in 
Industrial",454450.0
221,FRANCE,M.ENG,M.ENG in Materials,342655.3
222,FRANCE,M.ENG,M.ENG in Nuclear,1090680.0
223,FRANCE,M.ENG,M.ENG in Production,1136125.0
224,FRANCE,M.ENG,"M.ENG in 
Risk Management",1249737.5
225,FRANCE,M.ENG,M.ENG in Textile,2726700.0
226,FRANCE,M.ENG,M.ENG in Transportation,899811.0
227,FRANCE,M.Sc,M.Sc in Physics,1397252.0
228,FRANCE,M.Sc,M.Sc in Chemistry,45445.0
229,FRANCE,M.Sc,M.Sc in Biology,45445.0
230,FRANCE,M.Sc,M.Sc in Botany,2181360.0
231,FRANCE,M.Sc,M.Sc in Agriculture,3181150.0
232,FRANCE,M.Sc,M.Sc in Security Science,772565.0
233,FRANCE,M.Sc,M.Sc in Mathematics,363560.0
234,FRANCE,M.Sc,M.Sc in Business & Finance,1177025.5
235,CHINA,MBA,MBA in Finance & Accounting,632314300.0
236,CHINA,MBA,MBA in Business Administration,5580058.0
237,CHINA,MBA,MBA in International Business,1181726.0
238,CHINA,MBA,MBA in General Management,889021.56
239,CHINA,MBA,MBA in Global Business Management,1251175.1
240,CHINA,MBA,MBA in Executive MBA,1136843.9
241,CHINA,MASTERS OF MANAGEMENT,MASTERS OF MANAGEMENT in Marketing,214962.05
242,CHINA,MASTERS OF MANAGEMENT,MASTERS OF MANAGEMENT in Logistics & Supply Chain,253983.1
243,CHINA,MASTERS OF MANAGEMENT,MASTERS OF MANAGEMENT in International Business,311706.53
244,CHINA,MASTERS OF MANAGEMENT,MASTERS OF MANAGEMENT in Finance,265527.78
245,CHINA,MASTERS OF MANAGEMENT,MASTERS OF MANAGEMENT in Hospital/Healthcare Management,4202265.5
246,CHINA,MASTERS OF MANAGEMENT,MASTERS OF MANAGEMENT in Human Resource Management,372893.38
247,CHINA,MASTERS OF MANAGEMENT,MASTERS OF MANAGEMENT in Risk Management,203186.47
248,CHINA,MASTERS OF MANAGEMENT,MASTERS OF MANAGEMENT in Project Management,253983.1
249,CHINA,MASTERS OF MANAGEMENT,MASTERS OF MANAGEMENT in Environment,311706.53
250,CHINA,MASTERS OF MANAGEMENT,MASTERS OF MANAGEMENT in Finance,184714.98
251,CHINA,M.ENG,M.ENG in Mechanical,412672.7
252,CHINA,M.ENG,M.ENG in Electrical,1551098.1
253,CHINA,M.ENG,M.ENG in Architecture,908534.06
254,CHINA,M.ENG,M.ENG in Civil,1551098.1
255,CHINA,M.ENG,M.ENG in Chemical,642000.0
256,CHINA,M.ENG,M.ENG in Computer Science Engineering,1551206.1
257,CHINA,M.ENG,M.ENG in Agriculture,276930.72
258,CHINA,M.ENG,M.ENG in Biomedical,433000.0
259,CHINA,M.ENG,M.ENG in Environmental,253853.16
260,CHINA,M.ENG,"M.ENG in 
Food Technology",147696.38
261,CHINA,M.ENG,M.ENG in Industrial,253853.16
262,CHINA,M.Sc,M.Sc in Physics,346163.38
263,CHINA,M.Sc,M.Sc in Chemistry,403857.28
264,CHINA,M.Sc,M.Sc in Biology,4996291.5
265,CHINA,M.Sc,M.Sc in Environment,161542.92
266,CHINA,M.Sc,M.Sc in Agriculture,253853.16
267,CHINA,M.Sc,M.Sc in Mathematics,184620.47
268,UK,MBA,MBA in Sales & Marketing,1835358.2
269,UK,MBA,MBA in Banking,2655936.2
270,UK,MBA,MBA in Business Administration,4355735.5
271,UK,MBA,MBA in Human Resource Management,2655936.2
272,UK,MBA,MBA in International Business,1168612.0
273,UK,MBA,MBA in Entrepreneurship & Leadership Management,1274849.4
274,UK,MBA,MBA in Executive MBA,4508000.0
275,UK,MASTERS OF MANAGEMENT,MASTERS OF MANAGEMENT in Hotel Management,1563433.8
276,UK,MASTERS OF MANAGEMENT,MASTERS OF MANAGEMENT in Marketing,2352000.0
277,UK,MASTERS OF MANAGEMENT,MASTERS OF MANAGEMENT in Luxury & Brand ,1563576.9
278,UK,MASTERS OF MANAGEMENT,MASTERS OF MANAGEMENT in Logistics & Supply Chain,2603144.2
279,UK,MASTERS OF MANAGEMENT,MASTERS OF MANAGEMENT in International Business,1764306.4
280,UK,MASTERS OF MANAGEMENT,MASTERS OF MANAGEMENT in Supply Chain Management,1864671.1
281,UK,MASTERS OF MANAGEMENT,MASTERS OF MANAGEMENT in Real Estate,1829807.6
282,UK,MASTERS OF MANAGEMENT,MASTERS OF MANAGEMENT in Human Resource Management,2232957.0
283,UK,MASTERS OF MANAGEMENT,"MASTERS OF MANAGEMENT in Sports,Leisure & Tourism",1109294.5
284,UK,MASTERS OF MANAGEMENT,MASTERS OF MANAGEMENT in Communication,1553012.2
285,UK,MASTERS OF MANAGEMENT,MASTERS OF MANAGEMENT in Banking,1690353.5
286,UK,MASTERS OF MANAGEMENT,MASTERS OF MANAGEMENT in Digital Marketing,1584706.4
287,UK,MASTERS OF MANAGEMENT,MASTERS OF MANAGEMENT in Project Management,2551377.2
288,UK,MASTERS OF MANAGEMENT,MASTERS OF MANAGEMENT in Entrepreneurship & Leadership Management,2930200.0
289,UK,MASTERS OF MANAGEMENT,MASTERS OF MANAGEMENT in Environment,1584706.4
290,UK,MASTERS OF MANAGEMENT,MASTERS OF MANAGEMENT in Fashion,2013211.0
291,UK,MASTERS OF MANAGEMENT,MASTERS OF MANAGEMENT in Sports,1956584.1
292,UK,MASTERS OF MANAGEMENT,MASTERS OF MANAGEMENT in Stratergic Management,2930200.0
293,UK,M.ENG,M.ENG in Mechanical,3296189.2
294,UK,M.ENG,M.ENG in Marine,686706.06
295,UK,M.ENG,M.ENG in Electrical,2218589.0
296,UK,M.ENG,M.ENG in Architecture,2295922.5
297,UK,M.ENG,M.ENG in Civil,3296189.2
298,UK,M.ENG,M.ENG in Chemical,3063765.5
299,UK,M.ENG,M.ENG in Computer Engineering,2742598.5
300,UK,M.ENG,M.ENG in Aerospace,2583071.2
301,UK,M.ENG,M.ENG in Agriculture,2060118.2
302,UK,M.ENG,M.ENG in Biomedical,2186894.8
303,UK,M.ENG,M.ENG in Energy Engineering,2590466.8
304,UK,M.ENG,M.ENG in Industrial,2720412.5
305,UK,M.ENG,M.ENG in Materials,2060118.2
306,UK,M.ENG,M.ENG in Textile,1360311.9
307,UK,M.Sc,M.Sc in Physics,2799648.0
308,UK,M.Sc,M.Sc in Biotechnology,3026789.0
309,UK,M.Sc,M.Sc in Chemistry,3074330.2
310,UK,M.Sc,M.Sc in Biology,2609483.0
311,UK,M.Sc,M.Sc in Psychology ,3296189.2
312,UK,M.Sc,M.Sc in Business Analytics,3602565.8
313,UK,M.Sc,M.Sc in Environment,3289319.2
314,UK,M.Sc,M.Sc in Botany,1603543.1
315,UK,M.Sc,M.Sc in Forensic Science,538000.44
316,UK,M.Sc,M.Sc in Mathematics,2609483.0
317,UK,M.Sc,M.Sc in Zoology,1420522.0
318,AUSTRALIA,MBA,MBA in Sales & Marketing,1818006.2
319,AUSTRALIA,MBA,MBA in Supply Chain & Logistics Management,1625717.1
320,AUSTRALIA,MBA,MBA in Business Administration,2150142.0
321,AUSTRALIA,MBA,MBA in Entrepreneurship & Leadership Management,1362958.4
322,AUSTRALIA,MBA,MBA in Executive MBA,3660048.5
323,AUSTRALIA,MBA,MBA in Finance,1496796.0
324,AUSTRALIA,MASTERS OF MANAGEMENT,MASTERS OF MANAGEMENT in Hotel Management,1409391.9
325,AUSTRALIA,MASTERS OF MANAGEMENT,MASTERS OF MANAGEMENT in Marketing,1311062.1
326,AUSTRALIA,MASTERS OF MANAGEMENT,MASTERS OF MANAGEMENT in Logistics & Supply Chain,1622439.4
327,AUSTRALIA,MASTERS OF MANAGEMENT,MASTERS OF MANAGEMENT in Finance,1606051.1
328,AUSTRALIA,MASTERS OF MANAGEMENT,MASTERS OF MANAGEMENT in International Business,1606051.1
329,AUSTRALIA,MASTERS OF MANAGEMENT,MASTERS OF MANAGEMENT in Supply Chain Management,2040012.8
330,AUSTRALIA,MASTERS OF MANAGEMENT,MASTERS OF MANAGEMENT in Human Resource Management,2312713.8
331,AUSTRALIA,MASTERS OF MANAGEMENT,MASTERS OF MANAGEMENT in Banking,2467419.0
332,AUSTRALIA,MASTERS OF MANAGEMENT,MASTERS OF MANAGEMENT in Accounting,2576674.2
333,AUSTRALIA,MASTERS OF MANAGEMENT,MASTERS OF MANAGEMENT in Communication,2107860.2
334,AUSTRALIA,MASTERS OF MANAGEMENT,MASTERS OF MANAGEMENT in Business Administration,2312713.8
335,AUSTRALIA,MASTERS OF MANAGEMENT,MASTERS OF MANAGEMENT in Project Management,2467419.0
336,AUSTRALIA,MASTERS OF MANAGEMENT,MASTERS OF MANAGEMENT in Entrepreneurship & Leadership Management,1468389.6
337,AUSTRALIA,MASTERS OF MANAGEMENT,MASTERS OF MANAGEMENT in Environment,1584200.1
338,AUSTRALIA,M.ENG,M.ENG in Mechanical,2258523.0
339,AUSTRALIA,M.ENG,M.ENG in Electrical,2281248.2
340,AUSTRALIA,M.ENG,M.ENG in Architecture,1627902.1
341,AUSTRALIA,M.ENG,M.ENG in Civil,2257430.5
342,AUSTRALIA,M.ENG,M.ENG in Chemical,1963097.1
343,AUSTRALIA,M.ENG,M.ENG in Computer Engineering,2125013.2
344,AUSTRALIA,M.ENG,M.ENG in Mining,1928353.9
345,AUSTRALIA,M.ENG,M.ENG in Aerospace,2125013.2
346,AUSTRALIA,M.ENG,M.ENG in Agriculture,2239731.2
347,AUSTRALIA,M.ENG,M.ENG in Biological,2258523.0
348,AUSTRALIA,M.ENG,M.ENG in Mechatronics,1928353.9
349,AUSTRALIA,M.ENG,M.ENG in Energy Engineering,1928353.9
350,AUSTRALIA,M.ENG,M.ENG in Food Technology,2255027.0
351,AUSTRALIA,M.ENG,M.ENG in Software,1928353.9
352,AUSTRALIA,M.Sc,M.Sc in Physics,1911965.6
353,AUSTRALIA,M.Sc,M.Sc in Chemistry,1518647.0
354,AUSTRALIA,M.Sc,M.Sc in Biology,2346801.2
355,AUSTRALIA,M.Sc,M.Sc in Psychology ,2256775.0
356,AUSTRALIA,M.Sc,M.Sc in Environment,2346801.2
357,AUSTRALIA,M.Sc,M.Sc in Agriculture,2181607.5
358,AUSTRALIA,M.Sc,M.Sc in Mathematics,2004832.5
359,AUSTRALIA,M.Sc,M.Sc in Communication,1811887.9
360,RUSSIA,MBA,MBA in Executive MBA,1158602.0
361,RUSSIA,MBA,MBA in Marketing,376483.0
362,RUSSIA,MBA,MBA in Finance,376483.0
363,RUSSIA,MASTERS OF MANAGEMENT,MASTER OF MANAGEMENT in Marketing,209728.83
364,RUSSIA,MASTERS OF MANAGEMENT,MASTER OF MANAGEMENT in Management,207017.98
365,RUSSIA,MASTERS OF MANAGEMENT,MASTER OF MANAGEMENT in Finance,367861.28
366,RUSSIA,MASTERS OF MANAGEMENT,MASTER OF MANAGEMENT in International Business,494819.06
367,RUSSIA,MASTERS OF MANAGEMENT,MASTER OF MANAGEMENT in Business Administration,138524.05
368,RUSSIA,MASTERS OF MANAGEMENT,MASTER OF MANAGEMENT in Economics,456686.56
369,RUSSIA,MASTERS OF MANAGEMENT,MASTER OF MANAGEMENT in Commerce,467981.72
370,RUSSIA,M.ENG,M.ENG in Electrical,373373.34
371,RUSSIA,M.ENG,M.ENG in Civil,369397.44
372,RUSSIA,M.ENG,M.ENG in Computer Engineering,316264.9
373,RUSSIA,M.ENG,M.ENG in Biology,271084.22
374,RUSSIA,M.ENG,M.ENG in Biomedical,292319.16
375,RUSSIA,M.ENG,M.ENG in Mechatronics,316264.9
376,RUSSIA,M.ENG,M.ENG in Nanotechnology,355120.34
377,RUSSIA,M.ENG,M.ENG in Nuclear,369397.44
378,RUSSIA,M.Sc,M.Sc in Physics,250120.38
379,RUSSIA,M.Sc,M.Sc in Chemistry,105632.48
380,RUSSIA,M.Sc,M.Sc in Biology,307228.78
381,RUSSIA,M.Sc,M.Sc in Psychology ,195993.89
382,RUSSIA,M.Sc,M.Sc in Mathematics,406174.53
383,SINGAPORE,MBA,MBA in Banking,1391179.2
384,SINGAPORE,MBA,MBA in Business Administration,2086768.9
385,SINGAPORE,MBA,MBA in Supplychain & Logistics Management,1623042.5
386,SINGAPORE,MBA,MBA in Executive MBA,5881710.5
387,SINGAPORE,MBA,MBA in Finance,1411610.5
388,SINGAPORE,MBA,MBA in Marketing,1457425.9
389,SINGAPORE,MASTERS OF MANAGEMENT,MASTERS OF MANAGEMENT in Hotel Management,1647683.8
390,SINGAPORE,MASTERS OF MANAGEMENT,MASTERS OF MANAGEMENT in Marketing,1552585.8
391,SINGAPORE,MASTERS OF MANAGEMENT,MASTERS OF MANAGEMENT in Logistics & Supply Chain,1604778.2
392,SINGAPORE,MASTERS OF MANAGEMENT,MASTERS OF MANAGEMENT in Finance,1552585.8
393,SINGAPORE,MASTERS OF MANAGEMENT,MASTERS OF MANAGEMENT in International Business,1997057.4
394,SINGAPORE,MASTERS OF MANAGEMENT,MASTERS OF MANAGEMENT in Supply Chain Management,1647683.8
395,SINGAPORE,MASTERS OF MANAGEMENT,MASTERS OF MANAGEMENT in Hospital/Healthcare Management,1454763.6
396,SINGAPORE,MASTERS OF MANAGEMENT,MASTERS OF MANAGEMENT in Retail,684383.44
397,SINGAPORE,MASTERS OF MANAGEMENT,MASTERS OF MANAGEMENT in Human Resource Management,1281903.2
398,SINGAPORE,MASTERS OF MANAGEMENT,MASTERS OF MANAGEMENT in Aviation,1647683.8
399,SINGAPORE,MASTERS OF MANAGEMENT,MASTERS OF MANAGEMENT in Accounting,2086768.9
400,SINGAPORE,MASTERS OF MANAGEMENT,MASTERS OF MANAGEMENT in Commerce,4624881.5
401,SINGAPORE,MASTERS OF MANAGEMENT,MASTERS OF MANAGEMENT in Operations,1647683.8
402,SINGAPORE,MASTERS OF MANAGEMENT,MASTERS OF MANAGEMENT in Communication,1967586.9
403,SINGAPORE,MASTERS OF MANAGEMENT,MASTERS OF MANAGEMENT in Entrepreneurship & Leadership Management,650083.75
404,SINGAPORE,MASTERS OF MANAGEMENT,MASTERS OF MANAGEMENT in Project Management,2057979.5
405,SINGAPORE,M.ENG,M.ENG in Mechanical,1666629.0
406,SINGAPORE,M.ENG,M.ENG in Electrical,744624.5
407,SINGAPORE,M.ENG,M.ENG in Architecture,1666629.0
408,SINGAPORE,M.ENG,M.ENG in Civil,2358875.5
409,SINGAPORE,M.ENG,M.ENG in Computer Engineering,2285756.5
410,SINGAPORE,M.ENG,M.ENG in Aerospace,1647683.8
411,SINGAPORE,M.ENG,M.ENG in Biomedical,1666629.0
412,SINGAPORE,M.ENG,M.ENG in Energy Engineering,2474280.8
413,SINGAPORE,M.ENG,M.ENG in Mechatronics,594362.3
414,SINGAPORE,M.Sc,M.Sc in Biology,817062.44
415,ITALY,MBA,MBA in Business Administration,904770.0
416,ITALY,MBA,MBA in International Business,1664776.0
417,ITALY,MBA,MBA in Operations,904770.0
418,ITALY,MASTERS OF MANAGEMENT,MASTERS OF MANAGEMENT in Hotel Management,102600.0
419,ITALY,MASTERS OF MANAGEMENT,MASTERS OF MANAGEMENT in Marketing,1150324.0
420,ITALY,MASTERS OF MANAGEMENT,MASTERS OF MANAGEMENT in Luxury & Brand,1221439.0
421,ITALY,MASTERS OF MANAGEMENT,MASTERS OF MANAGEMENT in Global Business Management,832388.0
422,ITALY,MASTERS OF MANAGEMENT,MASTERS OF MANAGEMENT in Finance,264645.0
423,ITALY,MASTERS OF MANAGEMENT,MASTERS OF MANAGEMENT in International Business,993437.0
424,ITALY,MASTERS OF MANAGEMENT,MASTERS OF MANAGEMENT in Supply Chain Management,1311916.0
425,ITALY,MASTERS OF MANAGEMENT,MASTERS OF MANAGEMENT in Human Resource Management,1311916.5
426,ITALY,MASTERS OF MANAGEMENT,MASTERS OF MANAGEMENT in Tourism Management,384527.25
427,ITALY,MASTERS OF MANAGEMENT,MASTERS OF MANAGEMENT in Operations,904770.0
428,ITALY,MASTERS OF MANAGEMENT,MASTERS OF MANAGEMENT in Project Management,1311916.0
429,ITALY,MASTERS OF MANAGEMENT,MASTERS OF MANAGEMENT in Communication,1872873.0
430,ITALY,MASTERS OF MANAGEMENT,MASTERS OF MANAGEMENT in Data Analysis,993437.44
431,ITALY,MASTERS OF MANAGEMENT,MASTERS OF MANAGEMENT in Digital Marketing,1311916.5
432,ITALY,MASTERS OF MANAGEMENT,MASTERS OF MANAGEMENT in Entrepreneurship & Leadership Management,121601.09
433,ITALY,MASTERS OF MANAGEMENT,MASTERS OF MANAGEMENT in Environment,121601.09
434,ITALY,MASTERS OF MANAGEMENT,MASTERS OF MANAGEMENT in Fashion Management,1890969.2
435,ITALY,MASTERS OF MANAGEMENT,MASTERS OF MANAGEMENT in Luxury & Brand,1890969.2
436,ITALY,MASTERS OF MANAGEMENT,MASTERS OF MANAGEMENT in Sports,1311916.5
437,ITALY,M.ENG,M.ENG in Mechanical,904770.0
438,ITALY,M.ENG,M.ENG in Electrical,234878.3
439,ITALY,M.ENG,M.ENG in Architecture,904770.0
440,ITALY,M.ENG,M.ENG in Civil,264645.22
441,ITALY,M.ENG,M.ENG in IT & Networking,271431.0
442,ITALY,M.ENG,M.ENG in Chemical,904770.0
443,ITALY,M.ENG,M.ENG in Computer Science Engineering,904770.0
444,ITALY,M.ENG,M.ENG in Aerospace,904770.0
445,ITALY,M.ENG,M.ENG in Biomedical,904770.0
446,ITALY,M.ENG,M.ENG in Electrical,904770.0
447,ITALY,M.ENG,M.ENG in Energy & Environment,542040.0
448,ITALY,M.ENG,M.ENG in Food Technology,343292.0
449,ITALY,M.ENG,M.ENG in Industrial,235064.69
450,ITALY,M.ENG,M.ENG in Materials,406530.0
451,ITALY,M.ENG,M.ENG in Mechatronics,442666.0
452,ITALY,M.ENG,M.ENG in Nanotechnology,352326.0
453,ITALY,M.ENG,M.ENG in Nuclear,316190.0
454,ITALY,M.ENG,M.ENG in Production,406530.0
455,ITALY,M.Sc,M.Sc in Physics,406530.0
456,ITALY,M.Sc,M.Sc in Chemistry,271020.0
457,ITALY,M.Sc,M.Sc in Biology,252952.0
458,ITALY,M.Sc,M.Sc in Environment,623346.0
459,ITALY,M.Sc,M.Sc in Mathematics,442666.0
460,BELGIUM,MBA,MBA in Business Administration,3524922.2
461,BELGIUM,MBA,MBA in Supply Chain & Logistics,1170605.0
462,BELGIUM,MBA,MBA in Executive MBA,3524922.2
463,BELGIUM,MASTERS OF MANAGEMENT,MASTERS OF MANAGEMENT in Marketing,1355913.1
464,BELGIUM,MASTERS OF MANAGEMENT,MASTERS OF MANAGEMENT in Management,1170605.0
465,BELGIUM,MASTERS OF MANAGEMENT,MASTERS OF MANAGEMENT in General Management,3524922.2
466,BELGIUM,MASTERS OF MANAGEMENT,MASTERS OF MANAGEMENT in Global Management,1170605.0
467,BELGIUM,MASTERS OF MANAGEMENT,"MASTERS OF MANAGEMENT in 
Finance",1170605.0
468,BELGIUM,MASTERS OF MANAGEMENT,MASTERS OF MANAGEMENT in International Business,1373992.0
469,BELGIUM,MASTERS OF MANAGEMENT,"MASTERS OF MANAGEMENT in 
Information Technology",158189.88
470,BELGIUM,MASTERS OF MANAGEMENT,MASTERS OF MANAGEMENT in Business Administration,1310716.0
471,BELGIUM,MASTERS OF MANAGEMENT,MASTERS OF MANAGEMENT in Economics College,3663677.2
472,BELGIUM,MASTERS OF MANAGEMENT,MASTERS OF MANAGEMENT in Entrepreneurship & Leadership Management,1309930.0
473,BELGIUM,M.ENG,M.ENG in Mechanical,504097.2
474,BELGIUM,M.ENG,M.ENG in Electrical,594437.2
475,BELGIUM,M.ENG,M.ENG in Architecture,316190.0
476,BELGIUM,M.ENG,M.ENG in Civil,130993.0
477,BELGIUM,M.ENG,M.ENG in Chemical,542040.0
478,BELGIUM,M.ENG,M.ENG in Agriculture,130993.0
479,BELGIUM,M.ENG,M.ENG in Biology,311673.0
480,BELGIUM,M.ENG,M.ENG in Biomedical,542040.0
481,BELGIUM,M.ENG,M.ENG in Materials,542040.0
482,BELGIUM,M.ENG,M.ENG in Nuclear,80402.6
483,BELGIUM,M.Sc,M.Sc in Physics,81848.04
484,BELGIUM,M.Sc,M.Sc in Chemistry,172188.05
485,BELGIUM,M.Sc,M.Sc in Biology,130993.0
486,BELGIUM,M.Sc,M.Sc in Psychology ,130993.0
487,BELGIUM,M.Sc,M.Sc in Environment,90340.0
488,BELGIUM,M.Sc,M.Sc in Data Analysis,102084.2
489,BELGIUM,M.Sc,M.Sc in Data Analysis,102084.2
490,BELGIUM,M.Sc,M.Sc in Data Analysis,102084.2
488,BELGIUM,M.Sc,M.Sc in Data Analysis,102084.2
488,BELGIUM,M.Sc,M.Sc in Data Analysis,102084.2